time;position;velocity
0;0;0
0.001;3.97264571822742e-05;0.0794529143645484
0.002;0.00011967149570196332;0.08043716267482982
0.003;0.00020059281447871972;0.08140547487868297
0.004;0.0002824743620917592;0.082357620347396
0.005;0.000365299858081842;0.08329337163276959
0.006;0.000449052796154937;0.08421250451342038
0.007;0.0005337164474318725;0.08511479804045073
0.008;0.0006192738637433355;0.08600003458247514
0.009000000000000001;0.0007057078809695703;0.08686799986999445
0.010000000000000002;0.0007930011224241225;0.08771848303910998
0.011000000000000003;0.0008811360022809617;0.08855127667456844
0.012000000000000004;0.0009700947290443102;0.08936617685212854
0.013000000000000005;0.001059859309060496;0.09016298318024302
0.014000000000000005;0.0011504115500711389;0.09094149884104277
0.015000000000000006;0.0012417330648069715;0.09170153063062249
0.016000000000000007;0.0013338052746215893;0.09244288899861319
0.017000000000000008;0.0014266094131644138;0.09316538808703581
0.01800000000000001;0.0015201265300921476;0.09386884576843173
0.01900000000000001;0.0016143374948179917;0.09455308368325643
0.02000000000000001;0.001709223000297887;0.0952179272765344
0.02100000000000001;0.0018047635668530374;0.09586320583376623
0.022000000000000013;0.001900939546027959;0.09648875251607714
0.023000000000000013;0.0019977311244833;0.09709440439460457
0.024000000000000014;0.0020951183279226617;0.09768000248411883
0.025000000000000015;0.002193081025052653;0.09824539177586392
0.026000000000000016;0.0022915989315753947;0.09879042126961939
0.027000000000000017;0.0023906516142126917;0.09931494400497468
0.028000000000000018;0.00249021849476108;0.09981881709180185
0.02900000000000002;0.002590278854176947;0.10030190173993254
0.03000000000000002;0.0026908118366909275;0.10076406328802803
0.03100000000000002;0.0027917964539507585;0.1012051712316341
0.03200000000000002;0.0028932115891917853;0.10162509925041951
0.03300000000000002;0.0029950360014342915;0.1020237252345927
0.03400000000000002;0.0030972483297068308;0.10240093131048594
0.035000000000000024;0.0031998270972947267;0.10275660386530584
0.036000000000000025;0.003302750716012904;0.10309063357104892
0.037000000000000026;0.003405997490502212;0.10340291540756744
0.03800000000000003;0.0035095456225483924;0.10369334868479288
0.03900000000000003;0.003613373215422841;0.10396183706410445
0.04000000000000003;0.003717458278244313;0.10420828857883922
0.04100000000000003;0.0038217787303607034;0.10443261565394182
0.04200000000000003;0.003926312405750049;0.10463473512475013
0.04300000000000003;0.004031037057439881;0.1048145682549137
0.04400000000000003;0.004135930361944057;0.104972040753437
0.04500000000000003;0.0042409699237162;0.10510708279084909
0.046000000000000034;0.00434613327961887;0.10521962901449154
0.047000000000000035;0.004451397903407579;0.10530961856292632
0.048000000000000036;0.004556741210228773;0.10537699507946217
0.04900000000000004;0.004662140561130898;0.10542170672478784
0.05000000000000004;0.004767573267587648;0.10544370618871174
0.05100000000000004;0.004873016596032516;0.10544295070102398
0.05200000000000004;0.0049784477724037525;0.1054194020414493
0.05300000000000004;0.005083843986698832;0.10537302654871017
0.05400000000000004;0.005189182397537531;0.10530379512868775
0.05500000000000004;0.005294440136732716;0.10521168326168263
0.05600000000000004;0.005399594313867949;0.10509667100878209
0.057000000000000044;0.005504622020880994;0.10495874301730802
0.058000000000000045;0.005609500336652337;0.10479788852537836
0.059000000000000045;0.005714206331597803;0.10461410136555438
0.060000000000000046;0.005818717072264368;0.10440737996757543
0.06100000000000005;0.005923009625928259;0.10417772736020563
0.06200000000000005;0.006027061065194442;0.10392515117216096
0.06300000000000004;0.006130848472596583;0.10364966363212068
0.06400000000000004;0.006234348945196568;0.10335128156785028
0.06500000000000004;0.0063375395991827;0.10303002640441226
0.06600000000000004;0.006440397574465636;0.10268592416146069
0.06700000000000005;0.006542900039271184;0.1023190054496357
0.06800000000000005;0.006645024194729028;0.10192930546605222
0.06900000000000005;0.006746747279456495;0.10151686398888173
0.07000000000000005;0.006848046574136456;0.10108172537104027
0.07100000000000005;0.006948899406088457;0.1006239385329609
0.07200000000000005;0.007049283153832169;0.10014355695446377
0.07300000000000005;0.0071491752516422685;0.09964063866573482
0.07400000000000005;0.007248553194093839;0.09911524623740564
0.07500000000000005;0.007347394540597411;0.09856744676973846
0.07600000000000005;0.0074456769199227335;0.09799731188090709
0.07700000000000005;0.007543378034710384;0.09740491769439343
0.07800000000000006;0.007640475665970327;0.09679034482549378
0.07900000000000006;0.007736947677566541;0.09615367836693381
0.08000000000000006;0.007832772020686813;0.09549500787361061
0.08100000000000006;0.007927926738296846;0.09481442734645386
0.08200000000000006;0.008022389969577763;0.09411203521538118
0.08300000000000006;0.008116139954346154;0.09338793432140023
0.08400000000000006;0.00820915503745578;0.09264223189785363
0.08500000000000006;0.008301413673180097;0.0918750395507794
0.08600000000000006;0.00839289442957469;0.09108647323840556
0.08700000000000006;0.008483575992818779;0.09027665324977237
0.08800000000000006;0.008573437171534928;0.08944570418252688
0.08900000000000007;0.008662456901086121;0.08859375491985906
0.09000000000000007;0.008750614247849344;0.08772093860658588
0.09100000000000007;0.008837888413464827;0.08682739262438045
0.09200000000000007;0.008924258739060104;0.0859132585661735
0.09300000000000007;0.009009704709448061;0.0849786822097414
0.09400000000000007;0.00909420595729815;0.08402381349043538
0.09500000000000007;0.00917774226727992;0.08304880647310421
0.09600000000000007;0.009260293580178077;0.08205381932321017
0.09700000000000007;0.009341839996978235;0.08103901427710718
0.09800000000000007;0.009422361782922554;0.08000455761152957
0.09900000000000007;0.00950183937153447;0.07895061961230208
0.10000000000000007;0.009580253368611728;0.07787737454221531
0.10100000000000008;0.0096575845561869;0.07678500060812936
0.10200000000000008;0.009733813896454623;0.07567367992731576
0.10300000000000008;0.009808922535664781;0.07454359849299992
0.10400000000000008;0.009882891807980857;0.07339494613915219
0.10500000000000008;0.009955703239302699;0.07222791650453149
0.10600000000000008;0.010027338551052927;0.07104270699592553
0.10700000000000008;0.010097779663926235;0.06983951875068874
0.10800000000000008;0.010167008701600849;0.06861855659853915
0.10900000000000008;0.01023500799441142;0.06738002902260447
0.11000000000000008;0.010301760082982598;0.06612414811975144
0.11100000000000008;0.010367247721822575;0.06485112956020243
0.11200000000000009;0.0104314538828759;0.06356119254644584
0.11300000000000009;0.010494361759034844;0.06225455977144404
0.11400000000000009;0.010555954767608636;0.06093145737613874
0.11500000000000009;0.01061621655374985;0.059592114906288414
0.11600000000000009;0.010675130993837306;0.05823676526862408
0.11700000000000009;0.01073268219881478;0.05686564468632325
0.11800000000000009;0.010788854517484868;0.05547899265385424
0.11900000000000009;0.010843632539757373;0.05407705189115603
0.12000000000000009;0.010897001099851535;0.05266006829716764
0.1210000000000001;0.010948945279451493;0.05122829090274859
0.1220000000000001;0.010999450410814347;0.04978197182295925
0.1230000000000001;0.011048502079830186;0.04832136620871847
0.1240000000000001;0.0110960861290335;0.04684673219791123
0.12500000000000008;0.011142188660565376;0.04535833086583888
0.12600000000000008;0.011186796039085841;0.04385642617509171
0.12700000000000009;0.01122989489463584;0.042341284924906276
0.12800000000000009;0.011271472125448248;0.04081317669991043
0.1290000000000001;0.01131151490070735;0.03927237381829408
0.1300000000000001;0.011350010663256239;0.03771915127948215
0.1310000000000001;0.011386947132251614;0.03615378671126802
0.1320000000000001;0.011422312305765446;0.03457656031639701
0.1330000000000001;0.011456094463332964;0.03298775481863823
0.1340000000000001;0.011488282168446471;0.03138765540837578
0.1350000000000001;0.011518864270994512;0.029776549687705663
0.1360000000000001;0.011547829909645878;0.028154727615027846
0.1370000000000001;0.011575168514177985;0.026522481449185516
0.1380000000000001;0.01160086980774915;0.02488010569314477
0.1390000000000001;0.011624923809114333;0.02322789703722134
0.1400000000000001;0.01164732083478388;0.021566154301872136
0.1410000000000001;0.011668051501124849;0.019895178380065
0.1420000000000001;0.011687106726404491;0.018215272179220247
0.1430000000000001;0.011704477732775474;0.016526740562744287
0.1440000000000001;0.011720156048202448;0.0148298902912044
0.1450000000000001;0.011734133508329601;0.01312502996310256
0.1460000000000001;0.01174640225828878;0.01141246995525571
0.1470000000000001;0.011756954754447832;0.009692522362847934
0.1480000000000001;0.011765783766098829;0.007965500939144603
0.1490000000000001;0.011772882377085828;0.006231721034854122
0.1500000000000001;0.011778243987371836;0.004491499537162067
0.1510000000000001;0.011781862314544657;0.0027451548084788478
0.1520000000000001;0.01178373139526133;0.0009930066248666678
0.1530000000000001;0.011783845586630854;-0.0007646238858164587
0.1540000000000001;0.011782199567534932;-0.0025274143060275514
0.1550000000000001;0.01177878833988645;-0.004295040990935852
0.1560000000000001;0.011773607229825456;-0.0060671791310541005
0.1570000000000001;0.011766651888852371;-0.007843502815114495
0.1580000000000001;0.011757918294898232;-0.009623685093164896
0.1590000000000001;0.011747402753331712;-0.011407398039874967
0.16000000000000011;0.011735101897902746;-0.013194312818055675
0.16100000000000012;0.011721012691622542;-0.014984099742354002
0.16200000000000012;0.011705132427579796;-0.016776428343136734
0.16300000000000012;0.011687458729692972;-0.018570967430511304
0.16400000000000012;0.01166798955339846;-0.020367385158514894
0.16500000000000012;0.011646723186274473;-0.02216534908945793
0.16600000000000012;0.011623658248600557;-0.023964526258373402
0.16700000000000012;0.01159879369385259;-0.02576458323756158
0.16800000000000012;0.011572128809133182;-0.02756518620125443
0.16900000000000012;0.011543663215537361;-0.029366000990385877
0.17000000000000012;0.01151339686845347;-0.031166693177398435
0.17100000000000012;0.011481330057799199;-0.03296692813114184
0.17200000000000013;0.011447463408192726;-0.034766371081804616
0.17300000000000013;0.01141179787905888;-0.03656468718588553
0.17400000000000013;0.011374334764670343;-0.038361541591191074
0.17500000000000013;0.011335075694123828;-0.04015659950183818
0.17600000000000013;0.011294022631251278;-0.0419495262432621
0.17700000000000013;0.011251177874466037;-0.04373998732721908
0.17800000000000013;0.01120654405654406;-0.045527648516735304
0.17900000000000013;0.011160124144340176;-0.047312175891033245
0.18000000000000013;0.011111921438439459;-0.049093235910400775
0.18100000000000013;0.011061939572743755;-0.050870495481006514
0.18200000000000013;0.011010182513993437;-0.05264362201963017
0.18300000000000013;0.010956654561224487;-0.0544122835182697
0.18400000000000014;0.010901360345160996;-0.05617614860871207
0.18500000000000014;0.010844304827543174;-0.05793488662693226
0.18600000000000014;0.01078549330039102;-0.05968816767737604
0.18700000000000014;0.010724931385203768;-0.06143566269712651
0.18800000000000014;0.01066262503209527;-0.0631770435198712
0.18900000000000014;0.010598580518865457;-0.06491198293975285
0.19000000000000014;0.010532804450008072;-0.06664015477501735
0.19100000000000014;0.01046530375565484;-0.06836123393144815
0.19200000000000014;0.010396085690456297;-0.07007489646563607
0.19300000000000014;0.01032515783239947;-0.07178081964801818
0.19400000000000014;0.010252528081562623;-0.07347868202567574
0.19500000000000015;0.010178204658807333;-0.07516816348490475
0.19600000000000015;0.010102196104408115;-0.0768489453135316
0.19700000000000015;0.010024511276619866;-0.07852071026296668
0.19800000000000015;0.0099451593501834;-0.08018314260996494
0.19900000000000015;0.00986414981476936;-0.08183592821811393
0.20000000000000015;0.009781492473360794;-0.0834787545990185
0.20100000000000015;0.009697197440574712;-0.08511131097314696
0.20200000000000015;0.00961127514092294;-0.08673328833039472
0.20300000000000015;0.009523736307012603;-0.08834437949028169
0.20400000000000015;0.009434591977686566;-0.08994427916179083
0.20500000000000015;0.009343853496104233;-0.0915326840028751
0.20600000000000016;0.009251532507763005;-0.0931092926795813
0.20700000000000016;0.00915764095846083;-0.09467380592476947
0.20800000000000016;0.00906219109220021;-0.09622592659646996
0.20900000000000016;0.008965195449034069;-0.09776535973581184
0.21000000000000016;0.008866666862853902;-0.09929181262452298
0.21100000000000016;0.008766618459120627;-0.1008049948420258
0.21200000000000016;0.008665063652538574;-0.10230461832208042
0.21300000000000016;0.008562016144673045;-0.10379039740897829
0.21400000000000016;0.008457489921511923;-0.105262048913266
0.21500000000000016;0.008351499250971792;-0.10671929216699523
0.21600000000000016;0.008244058680349045;-0.10816184907849934
0.21700000000000016;0.008135183033716464;-0.10958944418666149
0.21800000000000017;0.008024887409265795;-0.11100180471467817
0.21900000000000017;0.007913187176596798;-0.11239866062331426
0.22000000000000017;0.007800097973953328;-0.11377974466362566
0.22100000000000017;0.0076856357054069435;-0.11514479242914405
0.22200000000000017;0.007569816537988616;-0.11649354240751017
0.22300000000000017;0.007452656898769084;-0.11782573603155523
0.22400000000000017;0.007334173471888398;-0.11914111772981531
0.22500000000000017;0.007214383195535263;-0.12043943497645572
0.22600000000000017;0.007093303258876726;-0.12172043834061792
0.22700000000000017;0.0069709510989388315;-0.12298388153517123
0.22800000000000017;0.006847344397438817;-0.12422952146485755
0.22900000000000018;0.0067225010775694835;-0.1254571182738097
0.23000000000000018;0.006596439300736357;-0.12666643539244368
0.23100000000000018;0.006469177463248268;-0.12785723958373324
0.23200000000000018;0.006340734192961988;-0.129029300988827
0.23300000000000018;0.006211128345881571;-0.13018239317200822
0.23400000000000018;0.0060803790027130645;-0.13131629316500393
0.23500000000000018;0.005948505465375251;-0.1324307815106228
0.23600000000000018;0.005815527253467087;-0.13352564230570593
0.23700000000000018;0.005681464100692537;-0.1346006632433927
0.23800000000000018;0.005546335951243493;-0.13565563565469582
0.23900000000000018;0.005410162956141459;-0.13669035454937242
0.24000000000000019;0.005272965469538738;-0.1377046186560699
0.2410000000000002;0.005134764044979817;-0.13869823046177238
0.2420000000000002;0.004995579431623678;-0.1396709962505056
0.2430000000000002;0.004855432570427774;-0.14062272614130136
0.2440000000000002;0.0047143445902944016;-0.14155323412544407
0.2450000000000002;0.004572336804180209;-0.1424623381029407
0.2460000000000002;0.004429430705169618;-0.14334985991824195
0.2470000000000002;0.00428564796251289;-0.14421562539521418
0.2480000000000002;0.004141010417629623;-0.14505946437131886
0.2490000000000002;0.003995540080078453;-0.14588121073102145
0.25000000000000017;0.003849259123493731;-0.1466807024384225
0.25100000000000017;0.0037021898814899737;-0.1474577815690923
0.25200000000000017;0.003554354843534873;-0.14821229434110905
0.25300000000000017;0.0034057766507916715;-0.14894409114529397
0.25400000000000017;0.003256478091931705;-0.14965302657463905
0.25500000000000017;0.0031064820989179245;-0.15033895945292208
0.25600000000000017;0.0029558117427602158;-0.1510017528624953
0.2570000000000002;0.0028044902292433433;-0.15164127417124973
0.2580000000000002;0.0026525408946283424;-0.15225739505875188
0.2590000000000002;0.002499987201328195;-0.15284999154154305
0.2600000000000002;0.002346852733558625;-0.15341894399759717
0.2610000000000002;0.0021931611929648614;-0.1539641371899296
0.2620000000000002;0.0020389363942252166;-0.15448546028936008
0.2630000000000002;0.001884202260632327;-0.15498280689641886
0.2640000000000002;0.0017289828196529224;-0.15545607506239062
0.2650000000000002;0.0015733021984669785;-0.15590516730949713
0.2660000000000002;0.0014171846194871232;-0.15632999065021339
0.2670000000000002;0.001260654395859161;-0.15673045660571117
0.2680000000000002;0.001103735926944592;-0.1571064812234266
0.2690000000000002;0.000946453693786003;-0.15745798509375145
0.2700000000000002;0.0007888322545562069;-0.1577848933658408
0.2710000000000002;0.0006308962399920185;-0.15808713576253602
0.2720000000000002;0.00047267034881354945;-0.158364646594402
0.2730000000000002;0.00031417934312991255;-0.15861736477287183
0.2740000000000002;0.000155448043832227;-0.1588452338224993
0.2750000000000002;-3.498674025179952e-06;-0.1590482018923146
0.2760000000000002;-0.00016263588585447902;-0.15922622176628348
0.2770000000000002;-0.000321938622174054;-0.15937925087286647
0.2780000000000002;-0.0004813818732573252;-0.15950725129367593
0.2790000000000002;-0.000640940593789778;-0.15961018977122962
0.2800000000000002;-0.0008005897075332925;-0.15968803771579934
0.2810000000000002;-0.000960304111996869;-0.15974077121135363
0.2820000000000002;-0.0011200586831128423;-0.15976837102059302
0.2830000000000002;-0.0012798282799176765;-0.1597708225890754
0.2840000000000002;-0.0014395877492364305;-0.15974811604843256
0.2850000000000002;-0.001599311930369986;-0.15970024621867868
0.2860000000000002;-0.0017589756597841287;-0.1596272126096065
0.2870000000000002;-0.0019185537757995684;-0.15952901942127293
0.2880000000000002;-0.0020780211232819916;-0.15940567554357346
0.2890000000000002;-0.002237352558331231;-0.15925719455490497
0.2900000000000002;-0.002396522952968644;-0.15908359471992137
0.2910000000000002;-0.002555507199821794;-0.1588848989863785
0.2920000000000002;-0.0027142802168055166;-0.15866113498106682
0.2930000000000002;-0.0028728169517984667;-0.1584123350048334
0.2940000000000002;-0.0030310923873142336;-0.1581385360267005
0.2950000000000002;-0.0031890815451661235;-0.15783977967707918
0.2960000000000002;-0.0033467594911246994;-0.1575161122400727
0.2970000000000002;-0.0035041013395671746;-0.15716758464487773
0.2980000000000002;-0.0036610822581177563;-0.1567942524562856
0.2990000000000002;-0.003817677472278038;-0.15639617586427798
0.3000000000000002;-0.003973862270046542;-0.15597341967273048
0.3010000000000002;-0.004129612006526517;-0.15552605328721827
0.3020000000000002;-0.004284902108521087;-0.15505415070192283
0.3030000000000002;-0.004439708079114874;-0.1545577904856508
0.3040000000000002;-0.004594005502241186;-0.1540370557669733
0.3050000000000002;-0.004747770047233907;-0.1534920342184685
0.3060000000000002;-0.004900977473363182;-0.15292281804008134
0.3070000000000002;-0.005053603634354028;-0.15232950394161063
0.3080000000000002;-0.005205624482886989;-0.15171219312431142
0.3090000000000002;-0.005357016075079961;-0.1510709912616335
0.3100000000000002;-0.005507754574950328;-0.15040600847909957
0.3110000000000002;-0.005657816258856525;-0.1497173593332949
0.3120000000000002;-0.005807177519918177;-0.14900516279000928
0.3130000000000002;-0.00595581487241395;-0.14826954220153693
0.3140000000000002;-0.0061037049561562685;-0.14751062528309933
0.3150000000000002;-0.006250824540842034;-0.1467285440884313
0.3160000000000002;-0.006397150530378517;-0.14592343498453514
0.3170000000000002;-0.0065426599671835756;-0.14509543862558194
0.3180000000000002;-0.00668733003645936;-0.14424469992598665
0.31900000000000023;-0.006831138070438681;-0.1433713680326565
0.32000000000000023;-0.006974061552603219;-0.1424755962964195
0.32100000000000023;-0.007116078121872748;-0.14155754224263697
0.32200000000000023;-0.007257165576764566;-0.14061736754099996
0.32300000000000023;-0.007397301879522327;-0.13965523797452126
0.32400000000000023;-0.007536465160213455;-0.13867132340773602
0.32500000000000023;-0.007674633720794377;-0.13766579775410648
0.32600000000000023;-0.00781178603914275;-0.13663883894264045
0.32700000000000023;-0.007947900773055941;-0.13559062888374193
0.32800000000000024;-0.008082956764214944;-0.13452135343426277
0.32900000000000024;-0.008216933042112975;-0.13343120236180103
0.33000000000000024;-0.00834980882794801;-0.13232036930826946
0.33100000000000024;-0.008481563538478476;-0.13118905175266177
0.33200000000000024;-0.00861217678984136;-0.13003745097310532
0.33300000000000024;-0.008741628401332004;-0.1288657720081822
0.33400000000000024;-0.008869898399144842;-0.12767422361749353
0.33500000000000024;-0.008996967020074352;-0.1264630182415269
0.33600000000000024;-0.009122814715175512;-0.12523237196079465
0.33700000000000024;-0.00924742215338305;-0.12398250445427887
0.33800000000000024;-0.009370770225088776;-0.12271363895717508
0.33900000000000025;-0.009492840045676333;-0.12142600221793877
0.34000000000000025;-0.009613612959012632;-0.12011982445465891
0.34100000000000025;-0.009733070540895339;-0.11879533931075477
0.34200000000000025;-0.009851194602455716;-0.1174527838099998
0.34300000000000025;-0.009967967193516178;-0.11609239831092437
0.34400000000000025;-0.010083370605901906;-0.11471442646053168
0.34500000000000025;-0.010197387376705865;-0.11331911514738556
0.34600000000000025;-0.010310000291506609;-0.11190671445410166
0.34700000000000025;-0.010421192387538252;-0.11047747760918629
0.34800000000000025;-0.01053094695681198;-0.10903166093826813
0.34900000000000025;-0.010639247549188486;-0.10756952381474365
0.35000000000000026;-0.010746077975400775;-0.10609132860983611
0.35100000000000026;-0.010851422310026724;-0.10459734064206137
0.35200000000000026;-0.010955264894410814;-0.10308782812611772
0.35300000000000026;-0.011057590339534486;-0.10156306212122752
0.35400000000000026;-0.011158383528834574;-0.1000233164789481
0.35500000000000026;-0.011257629620969248;-0.09846886779039969
0.35600000000000026;-0.011355314052530934;-0.096899995332973
0.35700000000000026;-0.0114514225407057;-0.09531698101655799
0.35800000000000026;-0.011545941085878593;-0.09372010932922795
0.35900000000000026;-0.011638855974184412;-0.09210966728241009
0.36000000000000026;-0.011730153780003423;-0.09048594435561205
0.36100000000000027;-0.011819821368401559;-0.08884923244065922
0.36200000000000027;-0.011907845897514605;-0.08719982578543242
0.36300000000000027;-0.011994214820875912;-0.0855380209371824
0.36400000000000027;-0.012078915889687207;-0.08386411668540705
0.36500000000000027;-0.012161937155032049;-0.08217841400427776
0.36600000000000027;-0.012243266970031514;-0.08048121599465274
0.36700000000000027;-0.012322893991941676;-0.07877282782567065
0.36800000000000027;-0.012400807184192487;-0.07705355667595212
0.36900000000000027;-0.012476995818367675;-0.07532371167442319
0.3700000000000003;-0.012551449476125263;-0.07358360384075349
0.3710000000000003;-0.012624158051058359;-0.07183354602543725
0.3720000000000003;-0.012695111750495829;-0.0700738528495029
0.3730000000000003;-0.012764301097242536;-0.06830484064391058
0.3740000000000003;-0.012831716931258797;-0.06652682738861299
0.3750000000000003;-0.012897350411278744;-0.06474013265127974
0.3760000000000003;-0.012961193016367252;-0.0629450775257373
0.3770000000000003;-0.013023236547415183;-0.06114198457012428
0.3780000000000003;-0.013083473128572613;-0.05933117774473459
0.3790000000000003;-0.013141895208619787;-0.05751298234961427
0.3800000000000003;-0.013198495562275554;-0.05568772496191879
0.3810000000000003;-0.01325326729144301;-0.05385573337299304
0.3820000000000003;-0.013306203826392122;-0.05201733652523244
0.3830000000000003;-0.013357298926879103;-0.05017286444872926
0.3840000000000003;-0.013406546683202328;-0.04832264819772086
0.3850000000000003;-0.0134539415171946;-0.04646701978682319
0.3860000000000003;-0.013499478183151555;-0.044606312127086906
0.3870000000000003;-0.013543151768696048;-0.04274085896189786
0.3880000000000003;-0.013584957695578352;-0.04087099480271056
0.3890000000000003;-0.013624891720412029;-0.038997054864643305
0.3900000000000003;-0.013662949935345321;-0.03711937500194107
0.3910000000000003;-0.013699128768667943;-0.03523829164330347
0.3920000000000003;-0.013733424985353156;-0.033354141727122144
0.3930000000000003;-0.013765835687535036;-0.03146726263663871
0.3940000000000003;-0.013796358314920848;-0.029577992134984382
0.3950000000000003;-0.013824990645138426;-0.027686668300171413
0.3960000000000003;-0.013851730794018541;-0.025793629460059836
0.3970000000000003;-0.013876577215812185;-0.02389921412722748
0.3980000000000003;-0.01389952870334271;-0.022003760933822225
0.3990000000000003;-0.013920584388092834;-0.020107608566425073
0.4000000000000003;-0.01393974374022649;-0.018211095700888524
0.4010000000000003;-0.013957006568545535;-0.016314560937199657
0.4020000000000003;-0.013972373020381302;-0.014418342734335843
0.4030000000000003;-0.013985843581421053;-0.01252277934516599
0.4040000000000003;-0.013997419075469341;-0.01062820875141035
0.4050000000000003;-0.014007100664144366;-0.008734968598638898
0.4060000000000003;-0.014014889846509372;-0.006843396131373386
0.4070000000000003;-0.014020788458639178;-0.004953828128238386
0.4080000000000003;-0.01402479867312191;-0.0030666008372264015
0.4090000000000003;-0.014026922998496066;-0.001182049911084837
0.4100000000000003;-0.014027164278623001;0.0006994896572141975
0.4110000000000003;-0.014025525691994981;0.0025776835988267077
0.4120000000000003;-0.014022010750978938;0.004452198433258225
0.4130000000000003;-0.014016623300996095;0.006322701532428671
0.4140000000000003;-0.014009367519637604;0.008188861184553753
0.4150000000000003;-0.014000247915716397;0.010050346657859421
0.4160000000000003;-0.013989269328255427;0.011906828264081626
0.4170000000000003;-0.013976436925412502;0.013757977421767903
0.4180000000000003;-0.013961756203341946;0.015603466719343456
0.4190000000000003;-0.013945232984993299;0.017442969977951306
0.4200000000000003;-0.0139268734188473;0.019276162314046524
0.4210000000000003;-0.013906683977589415;0.021102720201722908
0.4220000000000003;-0.013884671456721164;0.022922321534779855
0.4230000000000003;-0.013860842973109527;0.024734645688493928
0.4240000000000003;-0.013835205963474729;0.026539373581102865
0.4250000000000003;-0.013807768182816683;0.028336187734987334
0.4260000000000003;-0.013778537702780431;0.030124772337516564
0.4270000000000003;-0.013747522909960891;0.03190481330156397
0.4280000000000003;-0.01371473250414726;0.033675998325697065
0.4290000000000003;-0.01368017549650741;0.035438016954002644
0.4300000000000003;-0.01364386120771264;0.03719056063553772
0.4310000000000003;-0.013605799266003166;0.038933322783412244
0.43200000000000033;-0.013565999605194723;0.0406659988334733
0.43300000000000033;-0.01352447246262669;0.04238828630259331
0.43400000000000033;-0.013481228377052113;0.04409988484655972
0.43500000000000033;-0.01343627818647008;0.04580049631750627
0.43600000000000033;-0.013389633025900863;0.04748982482092837
0.43700000000000033;-0.013341304325104265;0.049167576772267824
0.43800000000000033;-0.013291303806241623;0.05083346095301575
0.43900000000000033;-0.013239643481481937;0.05248718856635706
0.44000000000000034;-0.013186335650552591;0.054128473292333196
0.44100000000000034;-0.013131392898235172;0.05575703134250473
0.44200000000000034;-0.013074828091806854;0.05737258151413224
0.44300000000000034;-0.013016654378427863;0.05897484524385016
0.44400000000000034;-0.012956885182475538;0.06056354666079983
0.44500000000000034;-0.012895534202825527;0.0621384126392209
0.44600000000000034;-0.012832615410080654;0.06369917285052622
0.44700000000000034;-0.01276814304374798;0.06524555981482119
0.44800000000000034;-0.012702131609364642;0.06677730895185445
0.44900000000000034;-0.012634595875573022;0.06829415863138552
0.45000000000000034;-0.01256555087114584;0.06979585022298006
0.45100000000000035;-0.012495011881961742;0.07128212814521528
0.45200000000000035;-0.012422994447931997;0.07275273991427479
0.45300000000000035;-0.012349514359878888;0.07420743619194314
0.45400000000000035;-0.012274587656366426;0.07564597083297943
0.45500000000000035;-0.012198230620484007;0.0770681009318594
0.45600000000000035;-0.012120459776583652;0.07847358686885143
0.45700000000000035;-0.012041291886971481;0.07986219235548889
0.45800000000000035;-0.01196074394855405;0.08123368447937275
0.45900000000000035;-0.011878833189440224;0.08258783374828049
0.46000000000000035;-0.011795577065499267;0.08392441413363301
0.46100000000000035;-0.011710993256875817;0.08524320311326772
0.46200000000000035;-0.011625099664462426;0.08654398171351425
0.46300000000000036;-0.011537914406330379;0.08782653455057979
0.46400000000000036;-0.01144945581411947;0.08909064987123695
0.46500000000000036;-0.011359742429387464;0.09033611959277627
0.46600000000000036;-0.01126879299991996;0.09156273934222996
0.46700000000000036;-0.011176626476001397;0.09277030849489845
0.46800000000000036;-0.011083262006647885;0.09395863021212396
0.46900000000000036;-0.010988718935802678;0.0951275114782904
0.47000000000000036;-0.01089301679849498;0.09627676313710516
0.47100000000000036;-0.010796175316962867;0.09740619992712099
0.47200000000000036;-0.010698214396741066;0.0985156405164808
0.47300000000000036;-0.01059915412271439;0.09960490753687143
0.47400000000000037;-0.01049901475513759;0.10067382761672793
0.47500000000000037;-0.010397816725622407;0.10172223141363998
0.47600000000000037;-0.010295580633092608;0.1027499536459568
0.47700000000000037;-0.01019232723970782;0.10375683312361841
0.47800000000000037;-0.01008807746675694;0.10474271277814375
0.47900000000000037;-0.009982852390521949;0.10570743969183824
0.48000000000000037;-0.009876673238112935;0.1066508651261895
0.48100000000000037;-0.009769561383275135;0.10757284454940952
0.4820000000000004;-0.009661538342168846;0.10847323766316848
0.4830000000000004;-0.009552625769123007;0.10935190842850981
0.4840000000000004;-0.009442845452363305;0.11020872509089437
0.4850000000000004;-0.009332219309715634;0.1110435602044467
0.4860000000000004;-0.00922076938428575;0.11185629065532345
0.4870000000000004;-0.00910851784011598;0.11264679768421451
0.4880000000000004;-0.008995486957819859;0.11341496690802878
0.4890000000000004;-0.008881699130195493;0.11416068834070217
0.4900000000000004;-0.008767176857818571;0.11488385641314171
0.4910000000000004;-0.00865194274461585;0.11558436999230232
0.4920000000000004;-0.008536019493420007;0.11626213239938231
0.4930000000000004;-0.008419429901506738;0.11691705142715503
0.4940000000000004;-0.008302196856114948;0.11754903935642615
0.4950000000000004;-0.008184343329950935;0.11815801297159936
0.4960000000000004;-0.00806589237667745;0.11874389357537123
0.4970000000000004;-0.007946867126388507;0.11930660700251353
0.4980000000000004;-0.007827290781070858;0.11984608363278483
0.4990000000000004;-0.007707186610052987;0.12036225840295733
0.5000000000000003;-0.007586577945442546;0.12085507081792428
0.5010000000000003;-0.007465488177553118;0.12132446496093137
0.5020000000000003;-0.007343940750321204;0.12177038950289742
0.5030000000000003;-0.007221959156714334;0.12219279771084168
0.5040000000000003;-0.007099566934131209;0.12259164745540901
0.5050000000000003;-0.006976787659794761;0.12296690121748617
0.5060000000000003;-0.006853644946139061;0.12331852609391422
0.5070000000000003;-0.0067301624361909545;0.12364649380229895
0.5080000000000003;-0.006606363798947349;0.12395078068491222
0.5090000000000003;-0.0064822727247490506;0.12423136771168443
0.5100000000000003;-0.006357912920652059;0.12448824048229826
0.5110000000000003;-0.006233308105797231;0.12472138922735791
0.5120000000000003;-0.006108482006779221;0.12493080880866146
0.5130000000000003;-0.005983458353015605;0.12511649871857114
0.5140000000000003;-0.005858260872117092;0.12527846307845555
0.5150000000000003;-0.0057329132852597465;0.12541671063623505
0.5160000000000003;-0.005607439302560116;0.12553125476302512
0.5170000000000003;-0.00548186261845417;0.12562211344886692
0.5180000000000003;-0.0053562069070809595;0.12568930929755487
0.5190000000000003;-0.005230495817671906;0.12573286952055243
0.5200000000000004;-0.0051047529699466245;0.12575282593001022
0.5210000000000004;-0.004979001949516175;0.12574921493088842
0.5220000000000004;-0.0048532663032946465;0.12572207751216885
0.5230000000000004;-0.004727569534919978;0.1256714592371679
0.5240000000000004;-0.004601935100184909;0.12559741023297102
0.5250000000000004;-0.00447638640247895;0.12549998517894623
0.5260000000000004;-0.004350946788242288;0.12537924329437808
0.5270000000000004;-0.004225639542432487;0.12523524832522426
0.5280000000000004;-0.004100487884004893;0.125068068529964
0.5290000000000004;-0.003975514961407626;0.12487777666456983
0.5300000000000004;-0.003850743848092038;0.12466444996660596
0.5310000000000004;-0.003726197538039511;0.12442817013844751
0.5320000000000004;-0.00360189894130548;0.12416902332961494
0.5330000000000004;-0.00347787087958155;0.1238871001182446
0.5340000000000004;-0.0033541360817765827;0.12358249549169019
0.5350000000000004;-0.0032307171796176056;0.1232553088262638
0.5360000000000004;-0.003107636703271415;0.12290564386611737
0.5370000000000004;-0.0029849170769877245;0.12253360870126376
0.5380000000000004;-0.0028625806147647157;0.12213931574475383
0.5390000000000004;-0.0027406495160378374;0.12172288170900271
0.5400000000000004;-0.0026191458613926974;0.12128442758127725
0.5410000000000004;-0.002498091608302887;0.12082407859834396
0.5420000000000004;-0.0023775085868935715;0.12034196422028674
0.5430000000000004;-0.0022574184957316755;0.11983821810350516
0.5440000000000004;-0.002137842897643483;0.11931297807287981
0.5450000000000004;-0.0020188032155604796;0.11876638609312697
0.5460000000000004;-0.001900320728394242;0.11819858823934806
0.5470000000000004;-0.001782416566941183;0.11760973466677012
0.5480000000000004;-0.0016651117098179535;0.11699997957968894
0.5490000000000004;-0.0015484269794282972;0.11636948119962354
0.5500000000000004;-0.0014323830379621442;0.11571840173268247
0.5510000000000004;-0.0013170003834277277;0.11504690733615051
0.5520000000000004;-0.0012022993457175;0.11435516808430503
0.5530000000000004;-0.0010883000827086144;0.11364335793346607
0.5540000000000004;-0.0009750225763987366;0.11291165468628968
0.5550000000000004;-0.0008624866290779387;0.11216023995530601
0.5560000000000004;-0.0007507118595374287;0.111389299125714
0.5570000000000004;-0.0006397176993158501;0.11059902131744323
0.5580000000000004;-0.0005295233889838879;0.10978959934648107
0.5590000000000004;-0.00042014797446790703;0.10896122968548069
0.5600000000000004;-0.0003116103034133389;0.10811411242365553
0.5610000000000004;-0.00020392902158852816;0.107248451225966
0.5620000000000004;-9.712256932974055e-05;0.10636445329160922
0.5630000000000004;8.790821971973558e-06;0.105462329311819
0.5640000000000004;0.00011379313334137527;0.10454229342698441
0.5650000000000004;0.00021786656164641518;0.10360456318309542
0.5660000000000004;0.0003209935229817248;0.10264935948752385
0.5670000000000004;0.0004231566560075615;0.10167690656414946
0.5680000000000004;0.0005243388252435555;0.1006874319078386
0.5690000000000004;0.0006245231243166177;0.09968116623828585
0.5700000000000004;0.0007236928791623741;0.09865834345322694
0.5710000000000004;0.0008218316511795034;0.09761920058103159
0.5720000000000004;0.0009189232403363629;0.09656397773268735
0.5730000000000004;0.001014951688229298;0.09549291805318295
0.5740000000000004;0.0011099012810920396;0.0944062676723001
0.5750000000000004;0.0012037565527556026;0.093304275654826
0.5760000000000004;0.0012965022875581114;0.0921871939501915
0.5770000000000004;0.0013881235232039817;0.09105527734154907
0.5780000000000004;0.0014786055535719077;0.08990878339430307
0.5790000000000004;0.0015679339314711058;0.08874797240409313
0.5800000000000004;0.001656094471345277;0.08757310734424903
0.5810000000000004;0.001743073251923765;0.08638445381272708
0.5820000000000004;0.0018288566188193966;0.08518227997853609
0.5830000000000004;0.001913431187072495;0.08396685652766084
0.5840000000000004;0.0019967838436405743;0.08273845660849773
0.5850000000000004;0.002078901749833231;0.08149735577681537
0.5860000000000004;0.0021597723436917616;0.08024383194024612
0.5870000000000004;0.002239383342313046;0.07897816530232299
0.5880000000000004;0.002317722744117241;0.07770063830606641
0.5890000000000004;0.002394778831058845;0.07641153557714228
0.5900000000000004;0.0024705401707807153;0.07511114386659798
0.5910000000000004;0.002544995618710605;0.0737997519931811
0.5920000000000004;0.002618134320099827;0.07247765078526339
0.5930000000000004;0.002689945712003647;0.07114513302237643
0.5940000000000004;0.002760419525203017;0.0698024933763635
0.5950000000000004;0.0028295457860672865;0.0684500283521755
0.5960000000000004;0.0028973148183575274;0.06708803622830625
0.5970000000000004;0.0029637172449701234;0.06571681699688589
0.5980000000000004;0.0030287439896202924;0.06433667230345197
0.5990000000000004;0.0030923862784652135;0.06294790538639025
0.6000000000000004;0.003154635641666447;0.06155082101607636
0.6010000000000004;0.003215483914891348;0.06014572543372584
0.6020000000000004;0.0032749232407531885;0.05873292628995547
0.6030000000000004;0.0033329460701897037;0.05731273258307483
0.6040000000000004;0.0033895451637798025;0.05588545459712284
0.6050000000000004;0.0034447135929981947;0.054451403839661426
0.6060000000000004;0.0034984447414076907;0.053010892979330704
0.6070000000000004;0.003550732305788946;0.05156423578317947
0.6080000000000004;0.0036015702972074337;0.05011174705379624
0.6090000000000004;0.0036509530420174513;0.04865374256623903
0.6100000000000004;0.0036988751828029606;0.047190539004779514
0.6110000000000004;0.003745331679255089;0.04572245389947724
0.6120000000000004;0.003790317808986125;0.044249805562595036
0.6130000000000004;0.003833829168279856;0.04277291302486703
0.6140000000000004;0.0038758616727781075;0.04129209597163565
0.6150000000000004;0.003916411558103358;0.03980767467886463
0.6160000000000004;0.003955475380417311;0.03831996994904272
0.6170000000000004;0.00399305001691533;0.036829303046994555
0.6180000000000004;0.004029132666256629;0.03533599563560396
0.6190000000000004;0.004063720848930165;0.03384036971146699
0.6200000000000004;0.004096812407556143;0.03234274754049032
0.6210000000000004;0.004128405507123112;0.030843451593446244
0.6220000000000004;0.004158498635160574;0.02934280448147917
0.6230000000000004;0.004187090601847121;0.02784112889161377
0.6240000000000004;0.004214180540054053;0.02633874752225101
0.6250000000000004;0.004239767905324504;0.024835983018650386
0.6260000000000004;0.004263852475788055;0.023333157908451883
0.6270000000000004;0.004286434352010894;0.021830594537225904
0.6280000000000004;0.004307513956781535;0.020328615004055937
0.6290000000000004;0.004327092034832155;0.018827541097183896
0.6300000000000004;0.004345169652495611;0.017327694229728095
0.6310000000000004;0.004361748197298213;0.015829395375476042
0.6320000000000005;0.00437682937748834;0.014332965004777619
0.6330000000000005;0.004390415221500998;0.012838723020539101
0.6340000000000005;0.00440250807735844;0.011346988694345327
0.6350000000000005;0.004413110612006966;0.00985808060270698
0.6360000000000005;0.004422225810590042;0.008372316563444705
0.6370000000000005;0.00442985697565789;0.006890013572250379
0.6380000000000005;0.004436007726313718;0.005411487739406022
0.6390000000000005;0.004440681997296763;0.003937054226683341
0.6400000000000005;0.004443884038002324;0.0024670271844390787
0.6410000000000005;0.0044456184114390045;0.0010017196889222158
0.6420000000000005;0.004445889993123367;-0.0004585563201969993
0.6430000000000005;0.004444703969912228;-0.001913490102080966
0.6440000000000005;0.004442065838772827;-0.0033627721767221152
0.6450000000000005;0.004437981405491121;-0.004806094386688561
0.6460000000000005;0.004432456783318478;-0.006243149958597586
0.6470000000000005;0.004425498391557023;-0.007673633564313131
0.6480000000000005;0.00441711295408394;-0.009097241381852018
0.6490000000000005;0.004407307497815024;-0.01051367115598124
0.6500000000000005;0.004396089351107783;-0.01192262225849965
0.6510000000000005;0.0043834661421044375;-0.013323795748191713
0.6520000000000005;0.00436944579701512;-0.014716894430443026
0.6530000000000005;0.004354036538341646;-0.016101622916505406
0.6540000000000005;0.004337246883042197;-0.017477687682392485
0.6550000000000005;0.0043190856406373004;-0.01884479712740061
0.6560000000000005;0.0042995619112574735;-0.020202661632253305
0.6570000000000005;0.0042786850836329295;-0.021550993616834598
0.6580000000000005;0.004256464833025753;-0.022889507597518167
0.6590000000000005;0.004232911119104953;-0.02421792024408188
0.6600000000000005;0.004208034183764821;-0.02553595043618172
0.6610000000000005;0.004181844548887038;-0.02684331931938509
0.6620000000000005;0.004154353014046971;-0.028139750360749605
0.6630000000000005;0.004125570654164628;-0.02942496940393528
0.6640000000000005;0.0040955088171007355;-0.030698704723850032
0.6650000000000005;0.0040641791211984135;-0.03196068708079389
0.6660000000000005;0.004031593452770957;-0.033210649774119146
0.6670000000000005;0.003997763963536209;-0.0344483286953772
0.6680000000000005;0.0039627030679980505;-0.03567346238093947
0.6690000000000005;0.003926423440775529;-0.0368857920641035
0.6700000000000005;0.0038889380138801516;-0.038085061726651326
0.6710000000000005;0.0038502599739418954;-0.03927101814986097
0.6720000000000005;0.0038104027593844868;-0.040443410964956315
0.6730000000000005;0.0037693800575505122;-0.04160199270299278
0.6740000000000005;0.003727205801776936;-0.042746518844159656
0.6750000000000005;0.003683894168421609;-0.04387674786649398
0.6760000000000005;0.0036394595738413636;-0.0449924412939972
0.6770000000000005;0.003593916671322293;-0.04609336374414427
0.6780000000000005;0.0035472803479628316;-0.047179282974778206
0.6790000000000005;0.0034995657215102557;-0.04824996993037364
0.6800000000000005;0.0034507881371512368;-0.04930519878766419
0.6810000000000005;0.003400963164257089;-0.05034474700063097
0.6820000000000005;0.003350106593084357;-0.051368395344833236
0.6830000000000005;0.003298234431431402;-0.05237592796107681
0.6840000000000005;0.003245362901251655;-0.05336713239841765
0.6850000000000005;0.0031915084352242065;-0.05434179965647891
0.6860000000000005;0.003136687673282425;-0.05529972422708408
0.6870000000000005;0.0030809174591012864;-0.056240704135193234
0.6880000000000005;0.003024214836544121;-0.057164540979137084
0.6890000000000005;0.002966597046069482;-0.05807103997014117
0.6900000000000005;0.00290808152109885;-0.058960009971122704
0.6910000000000005;0.0028486858843459048;-0.059831263534768
0.6920000000000005;0.002788427944108084;-0.060684616940873896
0.6930000000000005;0.0027273256905211733;-0.061519890232947155
0.6940000000000005;0.002665397291777674;-0.06233690725405148
0.6950000000000005;0.002602661090309698;-0.06313549568190023
0.6960000000000005;0.002539135598937153;-0.06391548706319003
0.6970000000000005;0.0024748394969819794;-0.0646767168471572
0.6980000000000005;0.002409791626349219;-0.06541902441836334
0.6990000000000005;0.00234401098757569;-0.06614225312869458
0.7000000000000005;0.0022775167358470554;-0.0668462503285749
0.7010000000000005;0.002210328176984077;-0.06753086739738232
0.7020000000000005;0.002142464763398856;-0.06819595977305928
0.7030000000000005;0.0020739460900218642;-0.06884138698092433
0.7040000000000005;0.002004791890200568;-0.06946701266166831
0.7050000000000005;0.0019350220315704708;-0.0700727045985258
0.7060000000000005;0.0018646565118993937;-0.07065833474362858
0.7070000000000005;0.0017937154549058142;-0.07122377924353039
0.7080000000000005;0.001722219106052101;-0.07176891846389592
0.7090000000000005;0.0016501878283134777;-0.07229363701335065
0.7100000000000005;0.0015776420979235577;-0.0727978237664894
0.7110000000000005;0.001504602500097296;-0.07328137188603377
0.7120000000000005;0.0014310897247322104;-0.07374417884413761
0.7130000000000005;0.001357124562088722;-0.07418614644283911
0.7140000000000005;0.0012827278984504779;-0.07460718083364928
0.7150000000000005;0.001207920711765515;-0.07500719253627658
0.7160000000000005;0.0011327240672691357;-0.07538609645648194
0.7170000000000005;0.0010571591130893625;-0.07574381190306435
0.7180000000000005;0.0009812470758358443;-0.07608026260397208
0.7190000000000005;0.0009050092561730926;-0.07639537672153128
0.7200000000000005;0.0008284670243789286;-0.07668908686679676
0.7210000000000005;0.000751641815889021;-0.07696133011301846
0.7220000000000005;0.0006745551268284016;-0.07721204800822036
0.7230000000000005;0.0005972285095308459;-0.07744118658689103
0.7240000000000005;0.0005196835680470097;-0.07764869638078144
0.7250000000000005;0.000441941953642214;-0.07783453242880994
0.7260000000000005;0.00036402536028477345;-0.0779986542860711
0.7270000000000005;0.00028595552012576424;-0.0781410260319473
0.7280000000000005;0.00020775419897112947;-0.07826161627732227
0.7290000000000005;0.00012944319174702164;-0.0783603981708934
0.7300000000000005;5.104431795928409e-05;-0.07843734940458168
0.7310000000000005;-2.7420582852026935e-05;-0.07849245221804038
0.7320000000000005;-0.00010592965566217681;-0.07852569340225939
0.7330000000000005;-0.0001844610345144389;-0.07853706430226481
0.7340000000000005;-0.0002629928470750286;-0.07852656081891454
0.7350000000000005;-0.00034150321918937997;-0.07849418340978823
0.7360000000000005;-0.0004199702794388598;-0.0784399370891714
0.7370000000000005;-0.000498372163697013;-0.07836383142713514
0.7380000000000005;-0.0005766870196844356;-0.07826588054770997
0.7390000000000005;-0.0006548930115213678;-0.07814610312615437
0.7400000000000005;-0.0007329683242771051;-0.07800452238532035
0.7410000000000005;-0.0008108911685153224;-0.07784116609111409
0.7420000000000005;-0.0008886397848344067;-0.07765606654705451
0.7430000000000005;-0.0009661924484018989;-0.07744926058792996
0.7440000000000005;-0.001043527473482141;-0.07722078957255407
0.7450000000000006;-0.00112062321795623;-0.07697069937562401
0.7460000000000006;-0.0011974580878333816;-0.0766990403786793
0.7470000000000006;-0.0012740105417528048;-0.07640586746016714
0.7480000000000006;-0.001350259095475195;-0.07609123998461306
0.7490000000000006;-0.0014261823263629517;-0.07575522179090036
0.7500000000000006;-0.001501758877848231;-0.07539788117965818
0.7510000000000006;-0.0015769674638879425;-0.07501929089976492
0.7520000000000006;-0.0016517868734048098;-0.07461952813396969
0.7530000000000006;-0.001726195974713609;-0.07419867448362857
0.7540000000000006;-0.0018001737199317051;-0.07375681595256392
0.7550000000000006;-0.0018736991493730115;-0.07329404293004879
0.7560000000000006;-0.001946751395924496;-0.07281045017292002
0.7570000000000006;-0.002019309689404367;-0.07230613678682189
0.7580000000000006;-0.0020913533609010714;-0.07178120620658716
0.7590000000000006;-0.002162861847092243;-0.07123576617575604
0.7600000000000006;-0.0022338146945427395;-0.07066992872523695
0.7610000000000006;-0.002304191563980917;-0.07008381015111766
0.7620000000000006;-0.002373972234552291;-0.06947753099163079
0.7630000000000006;-0.002443136608049741;-0.06885121600326922
0.7640000000000006;-0.0025116647131194062;-0.06820499413606118
0.7650000000000006;-0.0025795367094414478;-0.06753899850802188
0.7660000000000006;-0.0026467328918848444;-0.06685336637877133
0.7670000000000006;-0.002713233694635391;-0.06614823912232215
0.7680000000000006;-0.0027790196952960805;-0.06542376219905655
0.7690000000000006;-0.002844071618959052;-0.06468008512688671
0.7700000000000006;-0.0029083703422483;-0.06391736145160909
0.7710000000000006;-0.0029718968973323342;-0.0631357487164594
0.7720000000000006;-0.003034632475905998;-0.06233540843086814
0.7730000000000006;-0.0030965584331406467;-0.06151650603842937
0.7740000000000006;-0.003157656291601904;-0.06067921088408534
0.7750000000000006;-0.0032179077451342146;-0.05982369618053575
0.7760000000000006;-0.00327729466271142;-0.05895013897387512
0.7770000000000006;-0.0033357990922525927;-0.05805872010847011
0.7780000000000006;-0.0033934032644023673;-0.05714962419107915
0.7790000000000006;-0.0034500895962750176;-0.05622303955422136
0.7800000000000006;-0.003505840695161531;-0.05527915821880519
0.7810000000000006;-0.003560639362198945;-0.05431817585602284
0.7820000000000006;-0.0036144685960012145;-0.053340291748516504
0.7830000000000006;-0.0036673115962508845;-0.05234570875082344
0.7840000000000006;-0.003719151767250854;-0.05133463324911543
0.7850000000000006;-0.003769972721435526;-0.050307275120228256
0.7860000000000006;-0.003819758282840638;-0.04926384768999609
0.7870000000000006;-0.003868492490531087;-0.048204567690901846
0.7880000000000006;-0.003916159601986062;-0.04712965521904893
0.7890000000000006;-0.0039627440964408135;-0.046039333690453335
0.7900000000000006;-0.0040082306781843826;-0.04493382979668482
0.7910000000000006;-0.004052604279812653;-0.04381337345985538
0.7920000000000006;-0.004095850065436053;-0.04267819778694552
0.7930000000000006;-0.004137953433841285;-0.04152853902351768
0.7940000000000006;-0.004178900021606436;-0.0403646365067857
0.7950000000000006;-0.004218675706168867;-0.0391867326180758
0.7960000000000006;-0.00425726660884525;-0.03799507273469039
0.7970000000000006;-0.00429465909780317;-0.03678990518114954
0.7980000000000006;-0.004330839790983671;-0.03557148117985263
0.7990000000000006;-0.004365795558974183;-0.034340054801171443
0.8000000000000006;-0.004399513527831254;-0.033095882912970366
0.8010000000000006;-0.004431981081852518;-0.03183922512955628
0.8020000000000006;-0.004463185866297338;-0.030570343760085085
0.8030000000000006;-0.004493115790055597;-0.02928950375643259
0.8040000000000006;-0.004521759028264085;-0.027996972660542865
0.8050000000000006;-0.004549104024869979;-0.026693020551246116
0.8060000000000006;-0.004575139495140885;-0.025377919990564532
0.8070000000000006;-0.004599854428120936;-0.024051945969537844
0.8080000000000006;-0.00462323808903248;-0.02271537585355081
0.8090000000000006;-0.004645280021622847;-0.02136848932718212
0.8100000000000006;-0.004665970050455738;-0.020011568338600336
0.8110000000000006;-0.004685298283146786;-0.01864489704349513
0.8120000000000006;-0.004703255112542816;-0.017268761748565967
0.8130000000000006;-0.004719831218844395;-0.01588345085459117
0.8140000000000006;-0.00473501757167122;-0.014489254799059659
0.8150000000000006;-0.004748805432069947;-0.013086465998393484
0.8160000000000006;-0.004761186354464039;-0.011675378789790247
0.8170000000000006;-0.004772152188545266;-0.010256289372665012
0.8180000000000006;-0.004781695081106457;-0.008829495749717309
0.8190000000000006;-0.004789807477815134;-0.007395297667635789
0.8200000000000006;-0.00479648212492768;-0.0059539965574557235
0.8210000000000006;-0.004801712070943694;-0.004505895474573238
0.8220000000000006;-0.004805490668200192;-0.0030512990384227996
0.8230000000000006;-0.004807811574405332;-0.001590513371856548
0.8240000000000006;-0.004808668754111363;-0.00012384604020594572
0.8250000000000006;-0.0048080564801264904;0.0013483940099512362
0.8260000000000006;-0.0048059693348653666;0.002825896512296534
0.8270000000000006;-0.0048024022116379475;0.004308349942541561
0.8280000000000006;-0.004797350315876444;0.005795441580466188
0.8290000000000006;-0.0047908091663001135;0.007286857572194118
0.8300000000000006;-0.004782774596017667;0.00878228299269944
0.8310000000000006;-0.004773242753567047;0.010281401908540167
0.8320000000000006;-0.004762210103892382;0.01178389744078981
0.8330000000000006;-0.004749673429257904;0.013289451828166416
0.8340000000000006;-0.004735629830098652;0.01479774649033712
0.8350000000000006;-0.004720076725807779;0.016308462091409733
0.8360000000000006;-0.004703011855460288;0.01782127860357211
0.8370000000000006;-0.004684433278473071;0.019335875370861257
0.8380000000000006;-0.004664339375201095;0.020851931173090716
0.8390000000000006;-0.004642728847469609;0.022369124289881578
0.8400000000000006;-0.004619600719042266;0.023887132564804976
0.8410000000000006;-0.0045949543360250525;0.02540563346962128
0.8420000000000006;-0.004568789367205948;0.02692430416858738
0.8430000000000006;-0.00454110580433023;0.028442821582848537
0.8440000000000006;-0.0045119039623113645;0.02996086245488271
0.8450000000000006;-0.004481184479377429;0.03147810341298782
0.8460000000000006;-0.004448948317153037;0.03299422103579717
0.8470000000000006;-0.004415196760676732;0.034508891916811904
0.8480000000000006;-0.004379931418353853;0.03602179272894578
0.8490000000000006;-0.004343154221844852;0.03753260028905775
0.8500000000000006;-0.004304867425889093;0.039040991622460226
0.8510000000000006;-0.004265073608064161;0.04054664402740313
0.8520000000000006;-0.004223775668480702;0.042049235139514494
0.8530000000000006;-0.00418097682941286;0.043548442996170014
0.8540000000000006;-0.004136680634864376;0.04504394610079835
0.8550000000000006;-0.004090890950070419;0.046535423487115354
0.8560000000000006;-0.00404361196093524;0.04802255478324204
0.8570000000000007;-0.003994848173405759;0.049505020275720235
0.8580000000000007;-0.003944604412781191;0.050982500973415425
0.8590000000000007;-0.0038928858229588447;0.05245467867127741
0.8600000000000007;-0.003839697865616228;0.053921236013956084
0.8610000000000007;-0.003785046319329622;0.05538185655925586
0.8620000000000007;-0.0037289372786292814;0.05683622484142534
0.8630000000000007;-0.0036713771529914402;0.058284026434257015
0.8640000000000007;-0.0036123726657673154;0.059724948013992675
0.8650000000000007;-0.0035519308530493087;0.06115867742202064
0.8660000000000007;-0.003490059062474625;0.06258490372734664
0.8670000000000007;-0.0034267649519665318;0.06400331728884
0.8680000000000007;-0.0033620564884134984;0.06541360981722666
0.8690000000000007;-0.0032959419462864725;0.0668154744368252
0.8700000000000007;-0.003228429906194552;0.06820860574701622
0.8710000000000007;-0.0031595292533793304;0.0695926998834265
0.8720000000000007;-0.003089249176148207;0.07096745457881995
0.8730000000000007;-0.0030175991642469573;0.0723325692236798
0.8740000000000007;-0.002944589007171879;0.07368774492647678
0.8750000000000007;-0.0028702287924218394;0.07503268457360257
0.8760000000000007;-0.002794528903690557;0.07636709288896222
0.8770000000000007;-0.002717500018999467;0.07769067649321812
0.8780000000000007;-0.002639153108771528;0.07900314396265988
0.8790000000000007;-0.002559499433846347;0.0803042058877015
0.8800000000000007;-0.002478550543437001;0.08159357493099058
0.8810000000000007;-0.0023963182730289464;0.08287096588511877
0.8820000000000007;-0.0023128147422214296;0.08413609572991487
0.8830000000000007;-0.0022280523525118135;0.08538868368931729
0.8840000000000007;-0.002142043785023246;0.08662845128781807
0.8850000000000007;-0.002054801998176108;0.08785512240645763
0.8860000000000007;-0.0019663402253036998;0.08906842333835874
0.8870000000000007;-0.0018766719722126195;0.09026808284380168
0.8880000000000007;-0.00178581101468831;0.09145383220481737
0.8890000000000007;-0.001693771395946257;0.09262540527928856
0.8900000000000007;-0.0016005674240293344;0.09378253855455669
0.8910000000000007;-0.0015062136691517973;0.09492497120051759
0.8920000000000007;-0.0014107249609904406;0.09605244512219585
0.8930000000000007;-0.001314116385923449;0.09716470501178738
0.8940000000000007;-0.0012164032842174744;0.09826149840016163
0.8950000000000007;-0.0011176012471634882;0.09934257570781081
0.8960000000000007;-0.0010177261141619618;0.10040769029524195
0.8970000000000007;-0.0009167939697579436;0.10145659851279451
0.8980000000000007;-0.0008148211406266085;0.10248905974987563
0.8990000000000007;-0.000711824192509867;0.10350483648360742
0.9000000000000007;-0.0006078199271046276;0.10450369432687145
0.9010000000000007;-0.0005028253789033199;0.10548540207574388
0.9020000000000007;-0.0003968578119872921;0.10644973175631171
0.9030000000000007;-0.0002899347167737064;0.10739645867085967
0.9040000000000007;-0.00018207380671656656;0.10832536144342002
0.9050000000000007;-7.329301496251932e-05;0.10923622206467444
0.9060000000000007;3.638950903791848e-05;0.11012882593620114
0.9070000000000007;0.00014695540296304782;0.11100296191405752
0.9080000000000007;0.0002583860950959213;0.11185842235168944
0.9090000000000007;0.0003706628078428456;0.1126950031421591
0.9100000000000007;0.0004837665612937666;0.11351250375968298
0.9110000000000007;0.000597678176823844;0.1143107273004718
0.9120000000000007;0.000712378280735512;0.11508948052286425
0.9130000000000007;0.0008278473079403178;0.1158485738867473
0.9140000000000007;0.0009440655056798182;0.11658782159225353
0.9150000000000007;0.0010610129372848093;0.11730704161772858
0.9160000000000007;0.0011786694859721551;0.11800605575696306
0.9170000000000007;0.0012970148586784762;0.11868468965567905
0.9180000000000007;0.001416028589929948;0.11934277284726448
0.9190000000000007;0.0015356900457474554;0.11998013878775053
0.9200000000000007;0.0016559784275863413;0.12059662489002124
0.9210000000000007;0.001776872776309978;0.12119207255725203
0.9220000000000007;0.0018983519761963886;0.12176632721556929
0.9230000000000007;0.0020203947589771346;0.12231923834592266
0.9240000000000007;0.0021429797079076792;0.12285065951516658
0.9250000000000007;0.002266085261868434;0.12336044840634335
0.9260000000000007;0.0023896897194956887;0.12384846684816563
0.9270000000000007;0.0025137712433416118;0.12431458084368055
0.9280000000000007;0.002638307864062516;0.12475866059812768
0.9290000000000007;0.0027632774846345666;0.12518058054597378
0.9300000000000007;0.00288865788459611;0.12558021937711325
0.9310000000000007;0.0030144267243157902;0.125957460062247
0.9320000000000007;0.0031405615492856222;0.126312189877417
0.9330000000000007;0.0032670397944381834;0.1266443004277054
0.9340000000000007;0.0033938387884870783;0.12695368767008433
0.9350000000000007;0.003520935758289826;0.1272402519354113
0.9360000000000007;0.003648307833232321;0.12750389794957884
0.9370000000000007;0.003775932049634007;0.12774453485379286
0.9380000000000007;0.0039037853551728997;0.12796207622399236
0.9390000000000007;0.0040318446133296;0.12815644008940902
0.9400000000000007;0.004160086607849428;0.12832754895024678
0.9410000000000007;0.004288488047221794;0.12847532979448512
0.9420000000000007;0.004417025569175944;0.12859971411381446
0.9430000000000007;0.00454567574519219;0.12870063791867747
0.9440000000000007;0.004674415085027748;0.128778041752439
0.9450000000000007;0.004803220041256299;0.12883187070466284
0.9460000000000007;0.004932067013820375;0.12886207442348804
0.9470000000000007;0.005060932354595687;0.12886860712713633
0.9480000000000007;0.00518979237196651;0.1288514276145102
0.9490000000000007;0.005318623335411211;0.12881049927489113
0.9500000000000007;0.005447401480097028;0.12874579009674395
0.9510000000000007;0.005576103011483214;0.1286572726756282
0.9520000000000007;0.005704704109931627;0.1285449242211968
0.9530000000000007;0.00583318093532387;0.12840872656328925
0.9540000000000007;0.005961509631684079;0.12824866615712982
0.9550000000000007;0.0060896663318064535;0.1280647340876183
0.9560000000000007;0.006217627161886617;0.12785692607270835
0.9570000000000007;0.0063453682461559096;0.1276252424658771
0.9580000000000007;0.006472865711517696;0.12736968825769546
0.9590000000000007;0.006600095692184786;0.12709027307648546
0.9600000000000007;0.006727034334317062;0.12678701118806524
0.9610000000000007;0.006853657800658388;0.12645992149458674
0.9620000000000007;0.006979942275171917;0.1261090275324715
0.9630000000000007;0.007105863967672869;0.1257343574694337
0.9640000000000007;0.007231399118457883;0.12533594410059298
0.9650000000000007;0.007356524002930021;0.1249138248436843
0.9660000000000007;0.00748121493621854;0.12446804173335314
0.9670000000000007;0.007605448277792498;0.12399864141456281
0.9680000000000007;0.0077292004360673214;0.12350567513508386
0.9690000000000007;0.007852447873003406;0.12298919873708507
0.9700000000000008;0.00797516710869586;0.12244927264782231
0.9710000000000008;0.008097334725954487;0.12188596186943228
0.9720000000000008;0.008218927374873114;0.12129933596782251
0.9730000000000008;0.00833992177738736;0.12068946906066781
0.9740000000000008;0.008460294731819959;0.12005643980453111
0.9750000000000008;0.008580023117412757;0.11940033138106591
0.9760000000000008;0.008699083898844464;0.11872123148234708
0.9770000000000008;0.008817454130733296;0.11801923229531767
0.9780000000000008;0.008935110962123627;0.11729443048534342
0.9790000000000008;0.00905203164095575;0.11654692717890401
0.9800000000000008;0.009168193518517906;0.11577682794540585
0.9810000000000008;0.009283574053879664;0.11498424277811094
0.9820000000000008;0.009398150818305815;0.11416928607419059
0.9830000000000008;0.009511901499649882;0.11333207661394389
0.9840000000000008;0.00962480390672643;0.11247273753915134
0.9850000000000008;0.00973683597366128;0.11159139633054822
0.9860000000000008;0.009847975764218786;0.11068818478446436
0.9870000000000008;0.00995820147610532;0.10976323898860434
0.9880000000000008;0.010067491445248123;0.10881669929700112
0.9890000000000008;0.01017582415004869;0.10784871030413444
0.9900000000000008;0.010283178215609855;0.10685942081819479
0.9910000000000008;0.010389532417935712;0.10584898383351908
0.9920000000000008;0.010494865688103589;0.10481755650223447
0.9930000000000008;0.010599157116407241;0.10376530010507028
0.9940000000000008;0.010702385956470446;0.10269238002133994
0.9950000000000008;0.010804531629330195;0.10159896569815703
0.9960000000000008;0.010905573727488675;0.10048523061880386
0.9970000000000008;0.01100549201893325;0.09935135227034465
0.9980000000000008;0.011104266451123647;0.09819751211045023
0.9990000000000008;0.011201877154945578;0.09702389553341177
1.0000000000000007;0.011298304448629993;0.09583069183541813
1.0000000000000007;0.011298304448629993;0.09583069183541813
